2019-05-21 17:04:03 +0530,0
2019-05-21 17:06:04 +0530,1
2019-05-21 17:06:04 +0530,2
2019-05-21 17:08:03 +0530,3
2019-05-21 17:08:03 +0530,4
2019-05-21 17:10:03 +0530,5
2019-05-21 17:12:03 +0530,6
2019-05-21 17:12:03 +0530,7
2019-05-21 17:14:03 +0530,8
2019-05-21 17:14:03 +0530,9
2019-05-21 17:16:04 +0530,10
2019-05-21 17:18:03 +0530,11
2019-05-21 17:18:03 +0530,12
2019-05-21 17:20:03 +0530,13
2019-05-21 17:20:03 +0530,14
2019-05-21 17:22:03 +0530,15
2019-05-21 17:24:03 +0530,16
2019-05-21 17:24:03 +0530,17
2019-05-21 17:26:03 +0530,18
2019-05-21 17:26:03 +0530,19
2019-05-21 17:28:04 +0530,20
2019-05-21 17:28:04 +0530,21
2019-05-21 17:30:03 +0530,22
2019-05-21 17:30:04 +0530,23
2019-05-21 17:32:03 +0530,24
2019-05-21 17:32:03 +0530,25
2019-05-21 17:34:03 +0530,26
2019-05-21 17:34:03 +0530,27
2019-05-21 17:36:03 +0530,28
2019-05-21 17:36:03 +0530,29
2019-05-21 17:38:03 +0530,30
2019-05-21 17:40:03 +0530,31
2019-05-21 17:40:03 +0530,32
2019-05-21 17:42:04 +0530,33
2019-05-21 17:42:04 +0530,34
2019-05-21 17:44:03 +0530,35
2019-05-21 17:44:03 +0530,36
2019-05-21 17:46:03 +0530,37
2019-05-21 17:48:03 +0530,38
2019-05-21 17:48:03 +0530,39
2019-05-21 17:50:03 +0530,40
2019-05-21 17:50:03 +0530,41
2019-05-21 17:52:03 +0530,42
